customer_id,first_name,last_name,email,state
1,Erika,Ferguson,morgan43@example.net,NY
2,Chad,Harrison,kenneth20@example.net,TX
3,Lisa,Garcia,cunninghamtimothy@example.com,CA
4,Christopher,Holloway,,CA
5,Amy,Sims,harrisleslie@example.org,TX
6,James,Williams,anthony43@example.com,NY
7,Jacob,Johnson,wilsonjason@example.org,CA
8,Donna,Hunter,sparker@example.org,CA
9,James,Marks,tammymoore@example.net,TX
10,William,Smith,ericksonwalter@example.org,CA
11,Melissa,Bradley,lmullen@example.org,CA
12,Angela,Thompson,raymond07@example.org,TX
13,Joseph,Ford,,NY
14,Kathleen,Bond,nhall@example.org,CA
15,Jennifer,Valencia,markwalls@example.net,VA
16,Benjamin,Fitzgerald,,FL
17,Jesus,Riddle,lwright@example.net,FL
18,Donna,Barnes,aphillips@example.com,VA
19,Lisa,Anderson,castillosarah@example.com,NY
20,Sydney,Jones,amanda75@example.org,FL
21,Natasha,Morris,qcochran@example.org,TX
22,Ryan,Martinez,kristine58@example.com,FL
23,Elizabeth,Martin,kimberlycrane@example.net,CA
24,William,Wright,garrett16@example.net,TX
25,Beverly,Mckinney,birdian@example.com,VA
26,Mike,Harris,raymondflores@example.com,NY
27,Christopher,Francis,,VA
28,Kimberly,Johnson,brittany14@example.net,FL
29,Tracy,Gillespie,,TX
30,Gerald,Smith,anita08@example.net,FL
31,Clayton,Ryan,oparker@example.com,CA
32,Michelle,Green,cynthia85@example.com,NY
33,Lisa,Bautista,probinson@example.net,NY
34,Matthew,Gray,maldonadodaniel@example.org,NY
35,Logan,Glover,robyn80@example.org,CA
36,Kim,Gill,murraylindsey@example.org,VA
37,Derrick,Le,mary86@example.org,NY
38,Vicki,Lee,jramos@example.org,VA
39,Crystal,Jones,amy75@example.com,CA
40,Tanner,Richardson,colleen76@example.org,NY
41,Jeffrey,Finley,sbass@example.net,CA
42,Amanda,Wilson,gibsonpatrick@example.com,NY
43,Brittany,Roth,,VA
44,Timothy,Allen,john20@example.net,TX
45,Stacey,Hopkins,christopher39@example.com,NY
46,Pedro,Evans,,NY
47,Katherine,Odonnell,oflores@example.com,TX
48,Matthew,Shaw,alanzavala@example.org,FL
49,Glenn,Williams,chall@example.com,CA
50,Scott,Simon,xedwards@example.net,CA
51,Kristy,Alexander,marysanchez@example.org,VA
52,Ashley,Preston,lauren62@example.org,FL
53,Jason,Walter,pmorgan@example.org,NY
54,James,Ford,wlynch@example.net,TX
55,Robin,Hall,brooksjacob@example.com,CA
56,Shirley,Rodriguez,jeremymarshall@example.com,CA
57,Brenda,Cochran,wchristensen@example.net,FL
58,Troy,Mcmahon,barrywilliams@example.com,TX
59,Anthony,Jones,lbartlett@example.net,FL
60,Ronald,Austin,crodriguez@example.com,TX
61,David,Parks,mariamyers@example.org,CA
62,Kimberly,Hamilton,waynesmith@example.com,FL
63,Thomas,Green,,VA
64,Tyler,Clark,howardrobert@example.org,TX
65,Robert,Lee,jonathanwallace@example.net,NY
66,Willie,Barnett,alexiswilson@example.org,TX
67,Natalie,Calhoun,obrienjane@example.net,CA
68,Brittney,Banks,pcook@example.org,VA
69,John,Ortega,jamesdebra@example.com,CA
70,Stephanie,Harrison,ashleyvega@example.com,TX
71,Adrian,Carlson,melissa95@example.com,FL
72,Travis,Shaw,jennaanderson@example.org,CA
73,Brandon,Ewing,fallen@example.net,CA
74,Renee,Thomas,brandicole@example.org,TX
75,Drew,Rangel,udominguez@example.org,VA
76,Charles,Perez,fgarcia@example.com,VA
77,Jeremy,Young,,NY
78,Denise,Cruz,melissa99@example.com,CA
79,Latasha,Farmer,eduncan@example.org,VA
80,Kelly,Murray,mariabeck@example.net,FL
81,Stephanie,Garcia,,FL
82,Cynthia,Delgado,gdowns@example.com,TX
83,Carolyn,Bowers,vegaadam@example.com,CA
84,Tracey,Underwood,,VA
85,Marvin,Wilson,juliannelson@example.net,FL
86,Angelica,Perry,sean79@example.net,NY
87,Shane,Schwartz,zcollins@example.org,TX
88,Audrey,Robinson,,NY
89,Barbara,Salas,robertsjulie@example.org,VA
90,Joseph,Walker,wilsonjessica@example.org,TX
91,Richard,Woods,josephbutler@example.com,NY
92,Elizabeth,Wood,djenkins@example.org,CA
93,Sean,Baker,zerickson@example.net,FL
94,Selena,Shepard,,TX
95,Matthew,Taylor,sararice@example.net,FL
96,Randy,Davis,xhart@example.net,FL
97,Daniel,Gallagher,randalldurham@example.net,CA
98,Elizabeth,Hahn,william48@example.net,FL
99,Dominic,Green,isaacrice@example.org,TX
100,Christopher,Rowe,,CA
101,Christian,Goodwin,finleychristopher@example.com,FL
102,Melissa,Thomas,jennifercox@example.org,FL
103,Donna,Cox,don19@example.com,VA
104,Nancy,Buckley,yfisher@example.org,NY
105,Melanie,Williams,,CA
106,Kyle,Pitts,kathryn24@example.org,NY
107,David,Alvarez,,FL
108,Michael,Flores,mary94@example.org,CA
109,Raymond,Moreno,amontgomery@example.com,FL
110,James,Gutierrez,burtoneric@example.net,FL
111,John,Mueller,yhunt@example.net,VA
112,Amber,Brown,,NY
113,Shelby,Garcia,mindychavez@example.org,VA
114,Jennifer,Holt,andrew80@example.org,VA
115,Kimberly,Crawford,rodriguezashley@example.net,TX
116,Jesus,Grant,rschmidt@example.net,FL
117,Hannah,Myers,simonstephanie@example.net,FL
118,Marcus,Goodwin,brandy72@example.com,FL
119,Susan,Reed,johnsongerald@example.net,CA
120,Brian,Parker,anthonycole@example.com,FL
121,Laura,Hernandez,barbaramaynard@example.net,CA
122,Jeremy,Williams,wesley55@example.org,NY
123,Amber,Klein,qblackburn@example.com,CA
124,Deanna,Phillips,gabriellabond@example.net,TX
125,Gabriella,Farrell,ysanford@example.net,NY
126,Andrew,Garcia,vanessacalderon@example.net,FL
127,Kurt,Barnes,romandaniel@example.com,TX
128,Shane,Oneal,zimmermanandre@example.net,VA
129,Janet,Stanley,aguirreaustin@example.org,FL
130,Emily,Rios,davidcarter@example.net,CA
131,Robert,Butler,uwilliams@example.com,TX
132,Michael,Clark,aprilramsey@example.net,TX
133,Sherry,Williams,clintonwarren@example.net,NY
134,Priscilla,Wilson,smithjennifer@example.com,VA
135,Lydia,Phillips,ashley37@example.com,CA
136,Ross,Tyler,williamssamuel@example.org,VA
137,Lisa,Evans,oneillamanda@example.org,TX
138,James,Lawson,khenderson@example.net,TX
139,David,Schmidt,cynthia19@example.net,FL
140,Lisa,Ross,matthewsashley@example.org,CA
141,Andrea,Shannon,coreyoliver@example.com,FL
142,Lauren,Johnson,todd83@example.net,CA
143,Carl,Myers,,VA
144,Donald,Sawyer,smithvalerie@example.org,CA
145,Paul,Robinson,susanelliott@example.org,NY
146,Stephen,Bright,rowlandnicole@example.org,CA
147,Zachary,Jackson,eburns@example.net,NY
148,Wesley,Barber,rodriguezkevin@example.org,FL
149,Gary,Foley,joshua55@example.net,FL
150,Mary,Barker,tim65@example.net,CA
151,William,Moses,rebeccabarrett@example.net,FL
152,Sherry,Delacruz,pmorris@example.org,TX
153,Craig,Boyer,sandramiranda@example.org,TX
154,Erin,Zhang,stokesalexander@example.net,NY
155,Douglas,Hicks,jeremy94@example.net,CA
156,Amanda,Bradley,briggstammy@example.com,CA
157,Kathleen,Figueroa,raymond57@example.com,FL
158,Jeffrey,Armstrong,velezcorey@example.com,VA
159,Melanie,Sanchez,tina10@example.net,TX
160,Tammy,Gregory,jenkinsjason@example.org,FL
161,Sydney,Walker,ramirezalison@example.com,NY
162,Melissa,Kelly,patrickbuck@example.net,CA
163,Terri,Dalton,jeremyhays@example.org,CA
164,David,Decker,tbentley@example.org,TX
165,Susan,Ward,traceymassey@example.org,TX
166,Matthew,Brennan,xjames@example.org,FL
167,Karen,Hernandez,ldalton@example.com,VA
168,Cindy,Leonard,brendan61@example.com,NY
169,Heather,Wolfe,wgraham@example.net,CA
170,Scott,Higgins,ypope@example.net,VA
171,Barbara,Moore,dukejames@example.com,TX
172,Erin,Bishop,,NY
173,Brian,Dorsey,sford@example.org,VA
174,Joseph,Fisher,nathaniel71@example.com,TX
175,Jack,Thomas,petersonnicole@example.org,TX
176,Kyle,Brown,,TX
177,Melinda,Henry,tanyadrake@example.com,TX
178,Thomas,Murphy,joshua54@example.com,NY
179,Eric,King,rjackson@example.com,CA
180,Charles,Bonilla,janice57@example.com,TX
181,Jeffery,Watson,,VA
182,Bruce,Sullivan,williamsandres@example.net,TX
183,Patrick,Jimenez,campbelllindsey@example.org,NY
184,Jack,Krueger,melanie39@example.net,CA
185,Sheila,Ramirez,,VA
186,Kristy,Cortez,medinatanya@example.net,FL
187,Misty,Weber,zlee@example.com,CA
188,Sally,Ramsey,lhughes@example.org,VA
189,Diane,Lewis,pmarquez@example.net,FL
190,Kristi,Robles,rstevens@example.net,CA
191,Teresa,Lopez,pamelajohnson@example.net,TX
192,Paul,Hill,hollowaykeith@example.com,FL
193,Laura,Figueroa,kurt05@example.com,VA
194,Rebecca,Hampton,alexisnelson@example.net,FL
195,Russell,Sanchez,uhubbard@example.net,NY
196,James,Newton,annataylor@example.net,VA
197,James,Johnson,,VA
198,Julie,Bailey,elizabethsmith@example.org,VA
199,Stacy,Oliver,qpatel@example.org,TX
200,Zachary,Hodge,stephanie70@example.net,VA
